scientific_name,recommendation,establishment_means
Acacia leprosa var. uninervia,Not Assessed,native
Amperea xiphoclada,Not Assessed,native
Austrostipa scabra,Not Assessed,native
Austrostipa stipoides,Not Assessed,native
Campylopus appressifolius,Not Assessed,native
Campylopus kirkii,Not Assessed,native
Coronidium elatum,Not Assessed,native
Crassula multicava,Reconsider Planting,introduced
Crassula tetramera,Not Assessed,native
Eucalyptus molyneuxii,Not Assessed,native
Eucalyptus phenax,Not Assessed,native
Eucalyptus ×studleyensis,Not Assessed,native
Galium gaudichaudii subsp. gaudichaudii,Not Assessed,native
Hemarthria uncinata,Not Assessed,native
Hibbertia fasciculata var. prostrata,Not Assessed,native
Isotoma fluviatilis,Not Assessed,native
Kindbergia praelonga,Not Assessed,introduced
Lewinskya tasmanica,Not Assessed,native
Lewinskya tasmanica var. tasmanica,Not Assessed,native
Machaerina juncea,Not Assessed,native
Olearia iodochroa,Not Assessed,native
Pauridia glabella,Not Assessed,native
Polyscias sambucifolia,Not Assessed,native
Racopilum cuspidigerum,Not Assessed,native
Ranunculus sceleratus,Use Caution,introduced
Rhagodia candolleana,Not Assessed,native
Rhaphidorrhynchium amoenum,Not Assessed,native
Rumex obtusifolius,Use Caution,introduced
Rumex pulcher,Use Caution,introduced
Rytidosperma racemosum,Not Assessed,native
Silene gallica,Reconsider Planting,introduced
Stylidium armeria,Not Assessed,native
Trifolium michelianum,Lower Concern,introduced
Trifolium vesiculosum,Reconsider Planting,introduced
Watsonia meriana,Reconsider Planting,introduced
Xanthorrhoea minor,Not Assessed,native
